<project xmlns="http://maven.apache.org/POM/4.0.0" xmlns:xsi="http://www.w3.org/2001/XMLSchema-instance"
  xsi:schemaLocation="http://maven.apache.org/POM/4.0.0 http://maven.apache.org/maven-v4_0_0.xsd">
  <modelVersion>4.0.0</modelVersion>
  <groupId>com.uob.bank</groupId>
  <artifactId>InfinityDigitalBanking</artifactId>
  <packaging>jar</packaging>
  <version>1.0-SNAPSHOT</version>
  <name>InfinityDigitalBanking</name>
  <url>http://maven.apache.org</url>
  <dependencies>
    <dependency>
      <groupId>junit</groupId>
      <artifactId>junit</artifactId>
      <version>3.8.1</version>
      <scope>test</scope>
    </dependency>
    <!-- <dependency>
      <groupId>ldapjdk</groupId>
      <artifactId>ldapjdk</artifactId>
      <scope>system</scope>
      <version>1.0</version>
      <systemPath>${basedir}\src\lib\ldapjdk.jar</systemPath>
    </dependency>-->
  </dependencies>
  <build>
    <plugins>
      <plugin>
        <groupId>org.apache.maven.plugins</groupId>
        <artifactId>maven-site-plugin</artifactId>
        <version>3.7.1</version>
      </plugin>

      <plugin>
        <groupId>org.apache.maven.plugins</groupId>
        <artifactId>maven-project-info-reports-plugin</artifactId>
        <version>3.0.0</version>
      </plugin>

      <plugin>
        <groupId>org.apache.maven.plugins</groupId>
        <artifactId>maven-assembly-plugin</artifactId>
        <executions>
          <execution>
            <phase>package</phase>
            <goals>
              <goal>single</goal>
            </goals>
            <configuration>
              <appendAssemblyId>false</appendAssemblyId>
              <descriptors>
                <descriptor>assembly.xml</descriptor>
              </descriptors>
            </configuration>
          </execution>
        </executions>
      </plugin>
    </plugins>
  </build>

</project>
