<assembly xmlns="http://maven.apache.org/plugins/maven-assembly-plugin/assembly/1.1.2"
          xmlns:xsi="http://www.w3.org/2001/XMLSchema-instance"
          xsi:schemaLocation="http://maven.apache.org/plugins/maven-assembly-plugin/assembly/1.1.2 http://maven.apache.org/xsd/assembly-1.1.2.xsd">
    <id>zip</id>
    <includeBaseDirectory>false</includeBaseDirectory>

    <formats>
        <format>zip</format>
    </formats>
    <!-- To add directories into the assembly dir or zip -->
    <fileSets>
        <fileSet>
            <directory>config</directory>
            <outputDirectory>config/</outputDirectory>
        </fileSet>
    </fileSets>
    <!-- To add file(s) into the assembly dir or zip -->
    <files>
        <file>
            <source> ${project.build.directory}/${project.artifactId}-${project.version}.jar</source>
            <outputDirectory>/</outputDirectory>
        </file>
        <file>
            <source>    ${project.basedir}/assembly.xml</source>
            <outputDirectory>/</outputDirectory>
        </file>
    </files>
    <dependencySets>
        <dependencySet>
            <outputDirectory>lib</outputDirectory>
            <excludes>
                <exclude>${project.groupId}:${project.artifactId}:jar:*</exclude>
            </excludes>
        </dependencySet>
    </dependencySets>
</assembly>